-- phpMyAdmin SQL Dump
-- version 4.4.15.9
-- https://www.phpmyadmin.net
--
-- Host: localhost:3307
-- Generation Time: Jul 03, 2018 at 10:28 AM
-- Server version: 5.7.19-log
-- PHP Version: 7.1.8

SET SQL_MODE = "NO_AUTO_VALUE_ON_ZERO";
SET time_zone = "+00:00";


/*!40101 SET @OLD_CHARACTER_SET_CLIENT=@@CHARACTER_SET_CLIENT */;
/*!40101 SET @OLD_CHARACTER_SET_RESULTS=@@CHARACTER_SET_RESULTS */;
/*!40101 SET @OLD_COLLATION_CONNECTION=@@COLLATION_CONNECTION */;
/*!40101 SET NAMES utf8mb4 */;

--
-- Database: `api`
--

-- --------------------------------------------------------

--
-- Table structure for table `migrations`
--

CREATE TABLE IF NOT EXISTS `migrations` (
  `id` int(10) unsigned NOT NULL,
  `migration` varchar(255) COLLATE utf8mb4_unicode_ci NOT NULL,
  `batch` int(11) NOT NULL
) ENGINE=InnoDB AUTO_INCREMENT=5 DEFAULT CHARSET=utf8mb4 COLLATE=utf8mb4_unicode_ci;

--
-- Dumping data for table `migrations`
--

INSERT INTO `migrations` (`id`, `migration`, `batch`) VALUES
(1, '2014_10_12_000000_create_users_table', 1),
(2, '2014_10_12_100000_create_password_resets_table', 1),
(3, '2018_07_03_075027_create_products_table', 1),
(4, '2018_07_03_075124_create_reviews_table', 1);

-- --------------------------------------------------------

--
-- Table structure for table `password_resets`
--

CREATE TABLE IF NOT EXISTS `password_resets` (
  `email` varchar(255) COLLATE utf8mb4_unicode_ci NOT NULL,
  `token` varchar(255) COLLATE utf8mb4_unicode_ci NOT NULL,
  `created_at` timestamp NULL DEFAULT NULL
) ENGINE=InnoDB DEFAULT CHARSET=utf8mb4 COLLATE=utf8mb4_unicode_ci;

-- --------------------------------------------------------

--
-- Table structure for table `products`
--

CREATE TABLE IF NOT EXISTS `products` (
  `id` int(10) unsigned NOT NULL,
  `name` varchar(255) COLLATE utf8mb4_unicode_ci NOT NULL,
  `detail` text COLLATE utf8mb4_unicode_ci NOT NULL,
  `price` int(11) NOT NULL,
  `stock` int(11) NOT NULL,
  `discount` int(11) NOT NULL,
  `created_at` timestamp NULL DEFAULT NULL,
  `updated_at` timestamp NULL DEFAULT NULL
) ENGINE=InnoDB AUTO_INCREMENT=51 DEFAULT CHARSET=utf8mb4 COLLATE=utf8mb4_unicode_ci;

--
-- Dumping data for table `products`
--

INSERT INTO `products` (`id`, `name`, `detail`, `price`, `stock`, `discount`, `created_at`, `updated_at`) VALUES
(1, 'adipisci', 'Quae molestiae exercitationem aut cupiditate impedit nostrum. Et quo incidunt officiis cupiditate. Eum est accusamus ut.', 1989, 5, 6, '2018-07-03 04:38:56', '2018-07-03 04:38:56'),
(2, 'totam', 'Id culpa voluptas doloribus. Dolor magni corrupti et molestiae modi commodi voluptas. Id impedit aut ut eum nihil aliquam quidem. Cum velit fuga ut est tempore dolorem.', 2376, 8, 18, '2018-07-03 04:38:56', '2018-07-03 04:38:56'),
(3, 'aut', 'Nihil asperiores itaque consequatur sit corrupti nemo. Consequuntur tempora vitae id explicabo incidunt rerum aliquam. Nemo distinctio rerum at consequatur sed sint sequi.', 2269, 5, 16, '2018-07-03 04:38:57', '2018-07-03 04:38:57'),
(4, 'labore', 'Sequi accusantium totam et nostrum. Non sit minus omnis. Distinctio culpa natus perspiciatis atque. Labore autem id iusto sunt dolores esse reprehenderit.', 2945, 9, 24, '2018-07-03 04:38:57', '2018-07-03 04:38:57'),
(5, 'quae', 'Est voluptate necessitatibus ut quaerat unde. Et eos laborum consequatur inventore. Praesentium molestiae ab dignissimos officia cupiditate.', 1227, 0, 3, '2018-07-03 04:38:57', '2018-07-03 04:38:57'),
(6, 'voluptas', 'Tempore suscipit soluta et non culpa vero repellat. Est quibusdam sed et ut dolores unde. Repellendus natus suscipit occaecati dolore aliquam.', 1143, 6, 11, '2018-07-03 04:38:57', '2018-07-03 04:38:57'),
(7, 'quasi', 'Quidem minima quia asperiores voluptatem eveniet doloremque. Nostrum maiores reiciendis quis sunt ut est consequatur enim. Aliquam rerum quia illum et laudantium id. Molestias officiis eos non adipisci reiciendis. Voluptate doloribus aut assumenda dolores quisquam aperiam.', 669, 4, 13, '2018-07-03 04:38:57', '2018-07-03 04:38:57'),
(8, 'optio', 'Consequuntur voluptate nam est omnis id officia quo. Sit repellat repellat aliquid. Saepe officia quibusdam voluptate voluptatem nemo quisquam et excepturi.', 1382, 1, 16, '2018-07-03 04:38:57', '2018-07-03 04:38:57'),
(9, 'dolores', 'Sunt cumque minima perspiciatis quidem. Officiis perferendis in enim qui autem. Hic autem ducimus id deleniti magni esse dolore reprehenderit. Itaque beatae quia voluptatem sunt maiores dolor.', 1202, 9, 15, '2018-07-03 04:38:57', '2018-07-03 04:38:57'),
(10, 'voluptate', 'Pariatur omnis ad dolores eveniet vero. Eaque quos eaque aut et error ut.', 369, 4, 23, '2018-07-03 04:38:57', '2018-07-03 04:38:57'),
(11, 'voluptates', 'Sit quis et non quo consequatur ut dolore est. Officia provident minima velit possimus architecto. Nobis incidunt dolor soluta itaque qui magni veritatis.', 2831, 1, 16, '2018-07-03 04:38:57', '2018-07-03 04:38:57'),
(12, 'non', 'Odio et nemo sunt. Aperiam quisquam est corporis porro dolores omnis natus ipsam. Iure quam maiores ut expedita qui repellat.', 1251, 6, 5, '2018-07-03 04:38:57', '2018-07-03 04:38:57'),
(13, 'ut', 'Et rerum et placeat et. Quas repellendus quae ipsa et. Esse fugit omnis nesciunt dignissimos.', 2092, 7, 16, '2018-07-03 04:38:57', '2018-07-03 04:38:57'),
(14, 'ut', 'Cupiditate culpa sunt molestiae facilis. Quidem eum numquam maxime voluptas similique enim laborum. Nam dolor laborum et consequatur omnis laudantium sit. Veritatis harum vel itaque qui molestiae.', 2432, 5, 17, '2018-07-03 04:38:57', '2018-07-03 04:38:57'),
(15, 'vero', 'Mollitia sunt omnis error enim optio eligendi vel. Eveniet deserunt voluptatem sint eum explicabo.', 1011, 4, 12, '2018-07-03 04:38:57', '2018-07-03 04:38:57'),
(16, 'temporibus', 'Dolores voluptatem id dicta quis veniam voluptatum. Officia aperiam magnam esse doloremque unde sint quas. Modi eos dignissimos ducimus voluptas ex. Sint sed accusamus atque et saepe.', 1029, 1, 16, '2018-07-03 04:38:57', '2018-07-03 04:38:57'),
(17, 'ut', 'Odio autem debitis perspiciatis sint eum hic dolore. Soluta illum alias eos qui mollitia fugit. Accusantium at et tempore quibusdam. Ea voluptatem et consectetur est.', 443, 3, 5, '2018-07-03 04:38:57', '2018-07-03 04:38:57'),
(18, 'autem', 'Consectetur velit sint vel fugiat omnis qui aliquam aspernatur. Et cupiditate et earum aliquid magnam placeat. Corrupti eveniet et rerum laudantium et molestiae corrupti. Facilis doloremque harum velit officiis sint. Iusto est voluptatibus accusamus consequuntur voluptatibus.', 456, 1, 10, '2018-07-03 04:38:57', '2018-07-03 04:38:57'),
(19, 'sunt', 'Modi in cumque quia sint ea. Eaque harum quo repudiandae vel perspiciatis et in. Debitis tempora itaque sunt. Suscipit dignissimos aliquam est. Voluptate dolorum sint doloremque molestiae voluptatum deserunt fugit.', 2160, 9, 10, '2018-07-03 04:38:58', '2018-07-03 04:38:58'),
(20, 'accusamus', 'Magnam doloribus odio voluptate dolorem. Eos aliquam aut sapiente quas nisi sit aut. Qui dolorem atque debitis voluptatibus libero amet nulla.', 2147, 2, 19, '2018-07-03 04:38:58', '2018-07-03 04:38:58'),
(21, 'ut', 'Porro molestias ad ut temporibus quibusdam ducimus est. Consectetur fugit eos libero id pariatur ipsam non. Est quisquam quis esse sit fuga iste. Saepe velit in aut voluptas repudiandae excepturi.', 2428, 5, 14, '2018-07-03 04:38:58', '2018-07-03 04:38:58'),
(22, 'vitae', 'Nihil consectetur dolor neque incidunt. Similique laborum ut voluptatum quos perferendis aut dolor et. Sunt natus consequatur nam rerum quibusdam veritatis tempore. Atque architecto est cum doloremque ratione.', 1506, 7, 17, '2018-07-03 04:38:58', '2018-07-03 04:38:58'),
(23, 'aut', 'Cupiditate facilis dolor omnis saepe harum repellat itaque. Quae minima labore quis ex dicta dolor. Facilis odio sed libero illo quos. Quidem et molestiae repellendus fugiat vel est aut distinctio.', 1217, 5, 4, '2018-07-03 04:38:58', '2018-07-03 04:38:58'),
(24, 'perferendis', 'Sint nihil voluptas velit animi. Architecto minus a beatae officia quis natus. Excepturi officiis velit cum eligendi repellendus ut. Est nihil numquam nobis voluptas corrupti et officia.', 2919, 6, 6, '2018-07-03 04:38:58', '2018-07-03 04:38:58'),
(25, 'quas', 'Ipsa odit ea veritatis eum quam rerum dicta. Aut quaerat laborum consequuntur facere velit commodi. Sed doloribus temporibus sunt rem aut sed veritatis. Voluptas sequi et aspernatur.', 2822, 1, 3, '2018-07-03 04:38:58', '2018-07-03 04:38:58'),
(26, 'eos', 'Tenetur excepturi et id eveniet nesciunt aperiam qui. Quam a est perspiciatis nisi iure magnam velit. Aperiam incidunt omnis explicabo ut rerum.', 2483, 4, 7, '2018-07-03 04:39:55', '2018-07-03 04:39:55'),
(27, 'non', 'Optio et inventore porro molestiae sed. Consectetur quae dolorem ducimus autem illum aspernatur. Earum et neque exercitationem ex non harum quod. Deleniti sint et commodi omnis quae in.', 1740, 9, 15, '2018-07-03 04:39:55', '2018-07-03 04:39:55'),
(28, 'tempora', 'Laboriosam molestias et a enim aut. Eum sit consequatur ut non in dolorem laudantium. Rerum voluptatem laborum quae. Rerum neque eius unde esse consectetur est qui.', 963, 6, 23, '2018-07-03 04:39:56', '2018-07-03 04:39:56'),
(29, 'sint', 'Asperiores reiciendis voluptas sunt assumenda quos ut pariatur. Eos repellat qui aut omnis consectetur quasi. Quaerat blanditiis sequi aut perspiciatis dolor in aliquam. Rerum corporis aut occaecati aut iusto.', 1235, 1, 16, '2018-07-03 04:39:56', '2018-07-03 04:39:56'),
(30, 'ut', 'Veniam amet nesciunt voluptatem. Molestias vero quae ratione veniam. Quas vero tenetur non nemo omnis quis omnis.', 2182, 8, 4, '2018-07-03 04:39:56', '2018-07-03 04:39:56'),
(31, 'sequi', 'Pariatur ullam odio ratione nihil quasi. Odit illum consequuntur cumque tenetur facilis quibusdam. Beatae illo tenetur fugiat inventore.', 2605, 9, 20, '2018-07-03 04:39:56', '2018-07-03 04:39:56'),
(32, 'odit', 'Est cupiditate similique quisquam est corrupti incidunt architecto. Iusto magnam aliquam velit tempore id. Et qui nesciunt animi. Earum ut veritatis asperiores eius iure.', 1081, 9, 14, '2018-07-03 04:39:56', '2018-07-03 04:39:56'),
(33, 'consequatur', 'Sed ut velit natus commodi aut. Molestiae et rem ullam porro facilis. Eos et ipsam blanditiis et impedit eveniet.', 2422, 6, 7, '2018-07-03 04:39:56', '2018-07-03 04:39:56'),
(34, 'rerum', 'Harum possimus eos consequatur delectus accusamus similique voluptatem. Ut nesciunt voluptates neque praesentium. Non ipsum quisquam ea et. Enim nobis necessitatibus numquam quaerat.', 515, 6, 18, '2018-07-03 04:39:56', '2018-07-03 04:39:56'),
(35, 'laboriosam', 'Vel pariatur exercitationem unde. Repellendus non similique et fuga accusantium excepturi consectetur dolor. Ut et et aut quisquam eaque.', 2638, 1, 17, '2018-07-03 04:39:56', '2018-07-03 04:39:56'),
(36, 'ea', 'Ab fuga sapiente praesentium sapiente quis quo vel. Quis omnis et rem. Itaque a voluptatem aut et voluptatum qui sed et. Ut ut veniam et corrupti.', 2039, 2, 10, '2018-07-03 04:39:56', '2018-07-03 04:39:56'),
(37, 'aliquam', 'Praesentium est omnis velit quo magnam. Dolor architecto molestias sapiente corrupti iure. Cum dignissimos autem asperiores porro qui eligendi ut. Eum corrupti laboriosam sed tempore ea.', 1068, 6, 17, '2018-07-03 04:39:56', '2018-07-03 04:39:56'),
(38, 'recusandae', 'Saepe in quia explicabo corporis. Voluptates facere quia ea. Commodi dolorem dolor aut culpa.', 1820, 9, 13, '2018-07-03 04:39:56', '2018-07-03 04:39:56'),
(39, 'recusandae', 'Autem ut nam alias dolores quia suscipit ullam. Quisquam est eos dolor. Autem in est sint enim facere in. Dolores debitis quo voluptates odit. Eos dignissimos eligendi ut deserunt ex.', 853, 6, 2, '2018-07-03 04:39:56', '2018-07-03 04:39:56'),
(40, 'ea', 'Et maxime minus illum minima libero blanditiis. Odio maxime qui autem modi sed. Accusantium omnis deleniti nobis aut. Sit impedit a quas expedita et. Maiores eius veniam eos dolorem.', 1615, 1, 12, '2018-07-03 04:39:56', '2018-07-03 04:39:56'),
(41, 'laboriosam', 'Fugiat rerum voluptatem sunt maxime laboriosam quia doloribus. Libero quisquam tempore asperiores cum cumque aut hic mollitia. Fuga quis sint tempore omnis doloremque accusamus. Voluptatem iste saepe doloribus ipsum fuga vel quo voluptatum.', 1184, 7, 21, '2018-07-03 04:39:56', '2018-07-03 04:39:56'),
(42, 'nihil', 'Qui fugit ipsum magnam necessitatibus accusamus ipsam dolor. Quia rerum aspernatur exercitationem commodi consequatur non. Nihil sed non est sed nihil non dolorem totam. Eveniet aut minima temporibus non ducimus.', 2083, 1, 21, '2018-07-03 04:39:56', '2018-07-03 04:39:56'),
(43, 'dolore', 'Quis recusandae dicta consequatur in at. Harum dolor ipsa molestiae sit voluptas est voluptas. Ad quo quibusdam dolores quia doloremque corporis soluta animi.', 547, 8, 12, '2018-07-03 04:39:56', '2018-07-03 04:39:56'),
(44, 'ut', 'Vitae aliquam mollitia voluptatum reiciendis. Eveniet laudantium blanditiis expedita sed est assumenda voluptas. Omnis exercitationem quo aut et ut.', 688, 0, 25, '2018-07-03 04:39:56', '2018-07-03 04:39:56'),
(45, 'nisi', 'Cum dolorem repellat aut adipisci voluptate corporis sapiente. Voluptatem quia voluptatem veritatis quibusdam vel consequatur similique. Voluptatem itaque ducimus qui fugit fuga labore.', 706, 3, 3, '2018-07-03 04:39:56', '2018-07-03 04:39:56'),
(46, 'velit', 'Adipisci sint consequuntur voluptatum eos voluptatem consequuntur. Eos aut consequatur numquam earum debitis odio. Omnis ut aut dolorem. Qui incidunt voluptatum asperiores libero et ut aut.', 1232, 1, 24, '2018-07-03 04:39:56', '2018-07-03 04:39:56'),
(47, 'sunt', 'Tenetur fugiat veritatis blanditiis perferendis. Dolorem praesentium est veritatis quam. Necessitatibus dolorem magni eligendi ullam non laboriosam qui.', 415, 8, 14, '2018-07-03 04:39:56', '2018-07-03 04:39:56'),
(48, 'aut', 'Facere tenetur et officiis molestias eum. Eos est non qui explicabo. Aut maiores omnis praesentium mollitia consequatur magnam reiciendis.', 1814, 4, 6, '2018-07-03 04:39:57', '2018-07-03 04:39:57'),
(49, 'ab', 'In quibusdam magni recusandae qui quam animi molestiae dolores. Blanditiis temporibus ipsa laboriosam qui ad nobis omnis. Est fugiat eveniet earum tempore est. Voluptatibus maiores harum eius ipsum iste.', 1630, 4, 22, '2018-07-03 04:39:57', '2018-07-03 04:39:57'),
(50, 'laudantium', 'Id molestiae aut velit dolorem reprehenderit. Et placeat voluptates architecto quo enim ut in vel. Quisquam fugit expedita a sint ut blanditiis. Enim tempore dolorem optio molestiae facilis ut.', 2296, 4, 25, '2018-07-03 04:39:57', '2018-07-03 04:39:57');

-- --------------------------------------------------------

--
-- Table structure for table `reviews`
--

CREATE TABLE IF NOT EXISTS `reviews` (
  `id` int(10) unsigned NOT NULL,
  `product_id` int(10) unsigned NOT NULL,
  `customer` varchar(255) COLLATE utf8mb4_unicode_ci NOT NULL,
  `review` text COLLATE utf8mb4_unicode_ci NOT NULL,
  `star` int(11) NOT NULL,
  `created_at` timestamp NULL DEFAULT NULL,
  `updated_at` timestamp NULL DEFAULT NULL
) ENGINE=InnoDB AUTO_INCREMENT=151 DEFAULT CHARSET=utf8mb4 COLLATE=utf8mb4_unicode_ci;

--
-- Dumping data for table `reviews`
--

INSERT INTO `reviews` (`id`, `product_id`, `customer`, `review`, `star`, `created_at`, `updated_at`) VALUES
(1, 32, 'Mr. Bobby Cormier IV', 'Unde et explicabo iure beatae qui rerum. Harum quas laudantium excepturi ducimus.', 2, '2018-07-03 04:39:58', '2018-07-03 04:39:58'),
(2, 16, 'Prof. Gussie Marquardt IV', 'Quo quia iste consequatur sunt ad et. Culpa et dolor amet quibusdam. Voluptatibus similique maiores omnis voluptates culpa ducimus. Et vel ut nobis adipisci asperiores praesentium quam.', 3, '2018-07-03 04:39:58', '2018-07-03 04:39:58'),
(3, 38, 'Marcelina Ernser', 'Dicta sit quae nesciunt autem quia assumenda dolorum. Non atque in nulla nemo voluptate laboriosam quaerat. Repellendus eligendi et autem quisquam vitae.', 1, '2018-07-03 04:39:58', '2018-07-03 04:39:58'),
(4, 1, 'Houston Hackett', 'Maxime nesciunt aut repellat laboriosam. Alias corporis ut explicabo rerum est. Non sit cum repellendus aut. Impedit dolore officiis adipisci fugit et voluptates non.', 2, '2018-07-03 04:39:58', '2018-07-03 04:39:58'),
(5, 48, 'Ariel Waelchi', 'Eius porro placeat itaque laudantium. Voluptatem voluptatem repudiandae harum ut fugit. Expedita adipisci optio molestiae eaque sequi sint. Omnis est voluptatem et hic qui aut aliquam cumque.', 0, '2018-07-03 04:39:58', '2018-07-03 04:39:58'),
(6, 50, 'Angelica Emard', 'Fuga maxime voluptatibus maiores natus atque inventore. Eaque velit nihil ut corrupti aut consequuntur voluptas suscipit. Autem voluptates sunt velit voluptas et earum. Aspernatur numquam laborum molestias eaque.', 3, '2018-07-03 04:39:58', '2018-07-03 04:39:58'),
(7, 49, 'Miss Tatyana Rutherford DVM', 'Laborum eos veniam architecto. Dolorem eius est officiis minus. Fugit harum soluta consequuntur numquam praesentium tempora. Dolorum est temporibus id odit.', 4, '2018-07-03 04:39:58', '2018-07-03 04:39:58'),
(8, 16, 'Oscar Klein', 'Exercitationem minima ducimus error aut dolorem. Et reiciendis dolores dolorem voluptas praesentium. Architecto quos quo nihil qui atque.', 3, '2018-07-03 04:39:58', '2018-07-03 04:39:58'),
(9, 37, 'Lola Blanda', 'Minima non tenetur officiis qui id. In et et debitis est. Nisi ea sint aut eum quidem molestiae.', 0, '2018-07-03 04:39:58', '2018-07-03 04:39:58'),
(10, 37, 'Prof. Marquis Luettgen', 'Optio autem et beatae ut possimus. Molestiae consequatur voluptas eligendi quis et aut necessitatibus. Et voluptas voluptate commodi molestiae atque cum aliquid.', 5, '2018-07-03 04:39:58', '2018-07-03 04:39:58'),
(11, 23, 'Claudie Dickinson', 'Voluptate optio sunt quia impedit. Minus qui rerum repellat dolore autem nobis cumque. Rerum et reprehenderit expedita animi officiis dicta.', 0, '2018-07-03 04:39:58', '2018-07-03 04:39:58'),
(12, 39, 'Mrs. Ava Hyatt PhD', 'Sit nisi ea reprehenderit quia soluta esse et. Omnis ipsum asperiores et. Vel dignissimos aut inventore ut.', 5, '2018-07-03 04:39:58', '2018-07-03 04:39:58'),
(13, 23, 'Vern Hamill Jr.', 'Tempora magnam officia et. Rerum beatae quae enim. Odit est quo est quo enim vitae earum. Et voluptas minus rerum repellat incidunt doloremque.', 3, '2018-07-03 04:39:58', '2018-07-03 04:39:58'),
(14, 5, 'Brycen Zemlak', 'Culpa quis voluptatibus amet dicta culpa sit aut. Blanditiis dolor dolorem neque aut id sit. Excepturi numquam qui est et. Quia totam odit enim.', 0, '2018-07-03 04:39:58', '2018-07-03 04:39:58'),
(15, 46, 'Erich Bradtke', 'Dolores eaque iusto vel. Ipsam temporibus et sed dolorum a iste.', 1, '2018-07-03 04:39:58', '2018-07-03 04:39:58'),
(16, 6, 'Dr. Kristian Hayes II', 'Voluptates in suscipit odit aut aliquam tempora. Quia voluptas ut porro esse id. Ratione minima enim in.', 3, '2018-07-03 04:39:58', '2018-07-03 04:39:58'),
(17, 42, 'Mr. Mavis Hand', 'Officiis rem similique consequatur eveniet. Enim omnis quos nam iste velit. Repellendus rerum necessitatibus aut molestiae. Saepe cumque eligendi ea quasi. Quis ut optio expedita placeat.', 4, '2018-07-03 04:39:58', '2018-07-03 04:39:58'),
(18, 25, 'Ms. Donna Anderson', 'Quisquam cumque soluta non iusto porro minus. Aspernatur quia dolor consequatur qui. Vel aut vitae qui vel aperiam voluptas unde.', 3, '2018-07-03 04:39:58', '2018-07-03 04:39:58'),
(19, 11, 'Lempi Graham PhD', 'Hic adipisci eveniet sit fuga praesentium. Aspernatur dolor velit id et et. Quasi accusantium reprehenderit ad quae debitis. Voluptatibus incidunt sint optio debitis inventore vel.', 4, '2018-07-03 04:39:58', '2018-07-03 04:39:58'),
(20, 5, 'Laron Bins', 'Non ea earum ducimus quaerat. Earum non tempore eum inventore. Ad esse reiciendis quia aut doloribus. Similique quaerat numquam iure ea et eligendi consectetur.', 4, '2018-07-03 04:39:58', '2018-07-03 04:39:58'),
(21, 8, 'Maegan Runolfsdottir', 'Est ea occaecati blanditiis dolorem voluptas. Perspiciatis nisi animi quam. Perferendis quas officia aliquam est et omnis rerum est.', 1, '2018-07-03 04:39:59', '2018-07-03 04:39:59'),
(22, 20, 'Aurelie Buckridge', 'Reprehenderit esse corporis neque quibusdam iusto voluptates qui. Voluptate voluptatem doloribus labore sequi a. Nulla qui ullam nostrum reprehenderit quisquam omnis a quaerat. Vel tempora temporibus nisi adipisci adipisci.', 2, '2018-07-03 04:39:59', '2018-07-03 04:39:59'),
(23, 7, 'Prof. Tyree Deckow', 'Aut dolor rem aspernatur voluptatem amet eum ducimus. Voluptatem voluptates laudantium accusamus provident est sit. Animi omnis omnis ipsam reprehenderit temporibus iusto nesciunt.', 3, '2018-07-03 04:39:59', '2018-07-03 04:39:59'),
(24, 39, 'Khalil Spencer', 'Beatae aperiam dolores est ea. Officiis ea omnis dolores quibusdam blanditiis omnis optio aliquam. Dolores consequatur voluptas saepe commodi neque dicta.', 5, '2018-07-03 04:39:59', '2018-07-03 04:39:59'),
(25, 27, 'Maude D''Amore', 'Nisi magnam quia similique quis pariatur reprehenderit quibusdam. Ex magnam provident earum quis ipsam et asperiores. Deserunt labore quidem praesentium repellat.', 4, '2018-07-03 04:39:59', '2018-07-03 04:39:59'),
(26, 15, 'Marley Herzog', 'Laudantium tempora delectus impedit ut pariatur accusantium illum laborum. Autem non fugit sed autem. Exercitationem repellendus numquam eveniet quia unde dolore dolorem.', 0, '2018-07-03 04:39:59', '2018-07-03 04:39:59'),
(27, 32, 'Jon Cole', 'Nihil quasi adipisci et voluptate voluptatem doloremque. Fuga voluptas et tempora dolorem vel et ut. Voluptatem natus ut voluptatum molestias maxime et aperiam. Maxime perferendis sint qui aliquid.', 3, '2018-07-03 04:39:59', '2018-07-03 04:39:59'),
(28, 41, 'Dr. Madelyn Stehr II', 'Nobis eos quisquam provident dolores est animi. Laudantium officia commodi possimus ipsum expedita nam ut nihil. Consequatur repellendus doloribus quos tenetur quos repudiandae voluptatem.', 1, '2018-07-03 04:39:59', '2018-07-03 04:39:59'),
(29, 1, 'Gerardo Doyle', 'Possimus et similique qui cum. Et nesciunt sint nihil dicta animi rerum optio qui. Earum possimus sit aut. Consequatur facere eum consequuntur voluptatum asperiores quisquam.', 4, '2018-07-03 04:39:59', '2018-07-03 04:39:59'),
(30, 7, 'Chad Welch', 'Corporis pariatur praesentium sint quas. Et error consequatur voluptatum dolor cumque voluptas. Delectus vel deleniti et eum consectetur veritatis sit.', 2, '2018-07-03 04:39:59', '2018-07-03 04:39:59'),
(31, 11, 'Dereck Zulauf', 'Alias soluta nulla sit fuga. Perferendis quod sint repellat explicabo magnam. Repellat esse omnis quo autem incidunt ut modi eveniet.', 3, '2018-07-03 04:39:59', '2018-07-03 04:39:59'),
(32, 29, 'Larissa Cronin', 'Nemo aut sed provident sit itaque pariatur. Delectus quo id veniam corrupti aliquam. Qui rerum maxime soluta voluptatem qui.', 5, '2018-07-03 04:39:59', '2018-07-03 04:39:59'),
(33, 15, 'Miss Vanessa Raynor PhD', 'Quaerat rerum omnis voluptatem rerum quia accusamus. Culpa est ut autem quis dolorem voluptatum. In aut error non recusandae accusantium sunt.', 0, '2018-07-03 04:39:59', '2018-07-03 04:39:59'),
(34, 35, 'Mr. Janick Keebler', 'Ea eos officiis et sed et ut quas. Corporis qui deleniti ea quis vel. Quia est ad tempore ex sint assumenda ut reiciendis. Ullam quas minima libero sunt cumque.', 0, '2018-07-03 04:39:59', '2018-07-03 04:39:59'),
(35, 37, 'Trudie Cruickshank', 'Blanditiis et beatae laborum qui qui. Ullam sunt et voluptas. Distinctio voluptas sint et commodi numquam ullam. Nesciunt autem id amet quos iure in aliquid.', 0, '2018-07-03 04:39:59', '2018-07-03 04:39:59'),
(36, 18, 'Yazmin Zulauf', 'Inventore labore nihil blanditiis voluptates quasi voluptas repellat. Libero et ea ea sed.', 1, '2018-07-03 04:39:59', '2018-07-03 04:39:59'),
(37, 7, 'Jamison Bode', 'Earum quia sint eos eum dolores maiores. Et totam sed voluptatem alias. Sit porro iure autem et.', 1, '2018-07-03 04:39:59', '2018-07-03 04:39:59'),
(38, 5, 'Prof. Orin Cronin', 'Quo doloribus quae deleniti nemo quisquam. Eum dicta aperiam modi est. Deserunt nobis sint et ipsum maxime consequatur cupiditate. Voluptates excepturi commodi blanditiis mollitia quia veritatis.', 0, '2018-07-03 04:39:59', '2018-07-03 04:39:59'),
(39, 30, 'Mae Monahan', 'Eveniet laboriosam in minima est. Aliquam minima rerum eligendi placeat architecto. Qui aut tenetur sapiente praesentium maiores dolorem. Architecto magni accusantium sed voluptatem provident sint.', 0, '2018-07-03 04:39:59', '2018-07-03 04:39:59'),
(40, 41, 'Ms. Precious Eichmann', 'Et non iste enim facere suscipit ut dolore. Quia harum quis praesentium accusantium odit ea repellat esse. Deserunt consequuntur fuga iste ea. Adipisci et maiores sequi sequi.', 5, '2018-07-03 04:39:59', '2018-07-03 04:39:59'),
(41, 31, 'Damion Nikolaus', 'Et optio aut harum error dicta laudantium praesentium. Reiciendis minima sunt quis voluptatem.', 0, '2018-07-03 04:39:59', '2018-07-03 04:39:59'),
(42, 18, 'Edyth Cronin', 'Dignissimos est aut non minima nam autem nulla. Quaerat aut sapiente dolorem quo. Temporibus saepe laudantium saepe non quidem harum.', 3, '2018-07-03 04:39:59', '2018-07-03 04:39:59'),
(43, 5, 'Ottilie Littel', 'Ut nemo nobis est perspiciatis dicta est. Rerum nobis minus cum.', 4, '2018-07-03 04:39:59', '2018-07-03 04:39:59'),
(44, 7, 'Evan Hammes PhD', 'Cum voluptas numquam iusto nulla hic iste. Quo ex consectetur hic. Culpa aperiam rem quas qui ut repellendus.', 5, '2018-07-03 04:39:59', '2018-07-03 04:39:59'),
(45, 12, 'Janick McCullough', 'Laborum non tempora inventore consequatur voluptas. Officia maxime ut quas et et doloremque consequuntur. Consequatur asperiores corporis laboriosam rem.', 0, '2018-07-03 04:40:00', '2018-07-03 04:40:00'),
(46, 19, 'Karen Mohr', 'Eos veritatis dolores alias voluptatem. Adipisci cupiditate id et illo dolorum voluptas nobis. Atque et quod et voluptatum ut minus. Quas dicta architecto possimus.', 0, '2018-07-03 04:40:00', '2018-07-03 04:40:00'),
(47, 33, 'Korbin Gislason MD', 'Beatae perspiciatis animi facere hic iure repellendus. Maxime quas ea numquam rerum. Doloremque unde illum temporibus molestias. Voluptatibus ut ipsum deserunt fugiat sapiente assumenda deleniti.', 4, '2018-07-03 04:40:00', '2018-07-03 04:40:00'),
(48, 37, 'Terrell Heidenreich', 'Nisi et quaerat tempore quisquam aut ratione. Laboriosam exercitationem impedit veniam quia vel quam tenetur. Quae est cum in dignissimos quis nobis voluptatem eligendi.', 0, '2018-07-03 04:40:00', '2018-07-03 04:40:00'),
(49, 27, 'Ramiro Hirthe IV', 'Et voluptatibus sint quia laborum aut. Soluta molestiae quam veritatis et rerum non provident. Incidunt culpa vero qui corporis consectetur praesentium.', 3, '2018-07-03 04:40:00', '2018-07-03 04:40:00'),
(50, 28, 'Caroline Harvey', 'Quam ea velit perferendis commodi occaecati consequuntur. Delectus aperiam quia tempore sunt. Deserunt voluptatem id quis necessitatibus repudiandae laborum. Ad veritatis omnis voluptatibus rerum.', 3, '2018-07-03 04:40:00', '2018-07-03 04:40:00'),
(51, 32, 'Edythe Bergnaum', 'Tenetur voluptatem itaque illum et eum enim. Doloremque molestias dolore perspiciatis. Soluta eius reprehenderit numquam nihil sunt.', 1, '2018-07-03 04:40:00', '2018-07-03 04:40:00'),
(52, 26, 'Mia Auer', 'Nisi fugiat rem sit deleniti. Dolor qui aut quam perferendis earum et. Aut error dolores est consequatur aut. Vel delectus pariatur ipsam dolorem dolor illo.', 4, '2018-07-03 04:40:00', '2018-07-03 04:40:00'),
(53, 13, 'Mr. Arvel Farrell II', 'Dolorem corrupti deleniti nihil consectetur ut tenetur. Rerum qui odio a iste eos laboriosam inventore. Et atque quo ducimus et laborum.', 2, '2018-07-03 04:40:00', '2018-07-03 04:40:00'),
(54, 23, 'Catharine Ziemann', 'Similique sit atque hic quasi. Veniam non odit dolorum sit repudiandae officiis qui id. Ut impedit aut quo est hic veritatis consequuntur. Id ullam distinctio et minus.', 1, '2018-07-03 04:40:00', '2018-07-03 04:40:00'),
(55, 27, 'Deontae Gibson IV', 'Magnam ea aliquid iusto neque laborum. Nobis doloremque animi deserunt dignissimos nihil et debitis. Nobis reiciendis corrupti cumque aliquam. Consequatur dolores in ab et perferendis.', 1, '2018-07-03 04:40:00', '2018-07-03 04:40:00'),
(56, 12, 'Ms. Arlene Price', 'Commodi et culpa eos laborum tenetur suscipit aut. Earum velit nostrum aperiam voluptates ab nulla. Nesciunt eum nesciunt perferendis natus eius eaque incidunt.', 5, '2018-07-03 04:40:00', '2018-07-03 04:40:00'),
(57, 26, 'Elody Sipes MD', 'Corrupti molestiae voluptates quia aut sed maxime tempora sed. Enim temporibus odit doloribus ut culpa odit quos.', 4, '2018-07-03 04:40:00', '2018-07-03 04:40:00'),
(58, 8, 'Macy Luettgen DVM', 'Laudantium consequatur et nemo ut et aliquid enim vitae. Id totam cumque at quisquam voluptatibus.', 3, '2018-07-03 04:40:00', '2018-07-03 04:40:00'),
(59, 18, 'Dr. Karen Davis', 'Veritatis temporibus rerum deleniti est explicabo omnis ad enim. Quas culpa maxime quia culpa. Possimus et nihil inventore minus mollitia. Quaerat soluta assumenda et quis perferendis et ut quis.', 2, '2018-07-03 04:40:00', '2018-07-03 04:40:00'),
(60, 32, 'Magnus Bergnaum', 'Adipisci facilis vel et perferendis. Autem quae aliquam quia vel illum tempora deserunt voluptatem. Culpa assumenda ducimus quod beatae rem. Doloribus nostrum alias exercitationem natus consequatur praesentium.', 1, '2018-07-03 04:40:00', '2018-07-03 04:40:00'),
(61, 41, 'Nikko Baumbach', 'Minus veniam est doloribus dicta commodi sed quidem. Voluptas unde vel cumque. Dicta in sed et exercitationem deleniti repellat occaecati.', 1, '2018-07-03 04:40:00', '2018-07-03 04:40:00'),
(62, 34, 'Wanda Runte', 'Non sit autem eos qui. Laborum modi ut facilis sed veritatis et maiores dolor. Quo et eius consequatur autem cum eos.', 4, '2018-07-03 04:40:00', '2018-07-03 04:40:00'),
(63, 46, 'Florida Buckridge', 'Voluptate non quia distinctio maxime veritatis quis. Laborum fugit magni similique explicabo. Non veniam placeat accusamus.', 2, '2018-07-03 04:40:00', '2018-07-03 04:40:00'),
(64, 35, 'Lavinia Lowe IV', 'Itaque praesentium voluptatem magnam quo. Beatae necessitatibus cum quia saepe ut enim. Eligendi quam similique voluptatem nulla.', 2, '2018-07-03 04:40:00', '2018-07-03 04:40:00'),
(65, 38, 'Miss Katherine Brown I', 'Provident pariatur perspiciatis ipsum iusto. Voluptatem consequatur quod atque doloribus repudiandae. Quidem inventore ad iusto eius esse provident omnis omnis. Ut nihil porro autem unde ab esse.', 0, '2018-07-03 04:40:00', '2018-07-03 04:40:00'),
(66, 39, 'Kaia Adams V', 'Vitae autem reprehenderit adipisci quis ut cum. Quam non labore quia eius. Enim sint dolore facilis rerum sint. Eius magnam nemo sed accusamus harum vel. Possimus quia nam laboriosam excepturi.', 4, '2018-07-03 04:40:00', '2018-07-03 04:40:00'),
(67, 2, 'Angelica Mosciski', 'Saepe aliquam voluptatum sit. Qui id ut cupiditate ab consequatur velit. Eos odit accusantium distinctio dolor autem itaque ut.', 2, '2018-07-03 04:40:00', '2018-07-03 04:40:00'),
(68, 12, 'Prof. Isom Kassulke', 'Quia sunt facilis minus ullam accusamus quisquam. Perspiciatis perspiciatis qui qui sit reprehenderit dolore occaecati. Mollitia voluptatem et aut pariatur quia excepturi.', 0, '2018-07-03 04:40:01', '2018-07-03 04:40:01'),
(69, 48, 'Sydnie Dickinson', 'Est exercitationem debitis consequatur fugit ratione. Vel tempora cum nihil. Quas aperiam in omnis rerum illum provident.', 5, '2018-07-03 04:40:01', '2018-07-03 04:40:01'),
(70, 34, 'Adrianna Boehm', 'Ea aliquam repellendus cumque assumenda. Ex magni veritatis velit aut. Nulla dolores eos quaerat odit eos maxime atque. Voluptatem hic qui quas eveniet eius dicta. Inventore possimus maiores laudantium nihil at deleniti.', 4, '2018-07-03 04:40:01', '2018-07-03 04:40:01'),
(71, 47, 'Grayce Konopelski IV', 'Nostrum esse at qui. Consequatur non perferendis sit tenetur dicta. Voluptatem veritatis placeat officia error. Sapiente quia cumque eum qui omnis qui at.', 5, '2018-07-03 04:40:01', '2018-07-03 04:40:01'),
(72, 7, 'Mr. Rupert Flatley MD', 'Sit delectus illum dolores sed quod. Beatae rerum qui excepturi. Ratione nihil omnis voluptatem iste nobis quo.', 3, '2018-07-03 04:40:01', '2018-07-03 04:40:01'),
(73, 19, 'Prof. Sedrick Bahringer', 'Nisi quasi corporis consectetur quod ut at labore velit. Iure similique autem deserunt quasi quia omnis assumenda. Odio soluta nulla quo omnis voluptate. Nostrum aut aliquam accusamus nemo deserunt aliquid doloremque.', 1, '2018-07-03 04:40:01', '2018-07-03 04:40:01'),
(74, 32, 'Mr. Rod Mueller', 'Sed ad aliquid tenetur dolorem dolorem ducimus. Hic dolorum in veniam nobis. Id occaecati ullam atque illo. Saepe fuga at accusantium quia culpa.', 4, '2018-07-03 04:40:01', '2018-07-03 04:40:01'),
(75, 26, 'Reyes Kassulke', 'Voluptatibus consequatur corporis et eius ex hic placeat. Beatae velit ipsam quae magnam illum. Odio non illo vel earum. Harum rerum id nihil voluptas quisquam qui.', 2, '2018-07-03 04:40:01', '2018-07-03 04:40:01'),
(76, 11, 'Skyla D''Amore', 'Laborum architecto expedita quaerat rem illo. Tempore consequuntur id occaecati ullam quos.', 3, '2018-07-03 04:40:01', '2018-07-03 04:40:01'),
(77, 49, 'Dr. Felipe Goldner DDS', 'Illum esse itaque veritatis vero consequatur. Est reprehenderit soluta autem nesciunt sed vel. Quod facere vitae hic ut.', 1, '2018-07-03 04:40:01', '2018-07-03 04:40:01'),
(78, 14, 'Ernesto Ullrich', 'Sapiente consequuntur ut necessitatibus quisquam. A accusamus eum voluptate. Pariatur necessitatibus adipisci aut consequuntur architecto.', 1, '2018-07-03 04:40:01', '2018-07-03 04:40:01'),
(79, 22, 'Candace Blick', 'Exercitationem ut iusto est aperiam rerum. Quas distinctio atque est nam. Autem culpa repellendus id. Voluptatem voluptatem placeat voluptatem qui necessitatibus iste non.', 5, '2018-07-03 04:40:01', '2018-07-03 04:40:01'),
(80, 3, 'Niko Lakin', 'Natus perferendis aspernatur reiciendis doloribus aut quibusdam laboriosam. Maiores animi laboriosam ipsam temporibus eos quam est. Minima eaque fugiat veritatis harum itaque.', 5, '2018-07-03 04:40:01', '2018-07-03 04:40:01'),
(81, 11, 'Vita Mayer', 'Fugiat magni quo magnam id necessitatibus. Ducimus suscipit deserunt officia cupiditate earum ut. A odio aut libero dolores explicabo adipisci fuga. Natus harum quasi aut laborum vel voluptatibus ut.', 1, '2018-07-03 04:40:01', '2018-07-03 04:40:01'),
(82, 34, 'Dr. Santa Schumm III', 'Cumque consequuntur modi impedit. Quasi non tempore eveniet recusandae. Eum dicta consectetur nemo molestias. Doloribus vel beatae hic et dolore.', 1, '2018-07-03 04:40:01', '2018-07-03 04:40:01'),
(83, 42, 'Kody McDermott', 'Aut quidem tempore suscipit reiciendis provident ipsa ut. Sit optio dolores voluptas velit voluptatem fugiat. Corrupti debitis et aut molestiae ex quaerat eos.', 2, '2018-07-03 04:40:01', '2018-07-03 04:40:01'),
(84, 32, 'Carolina Pacocha', 'Quo est dolores praesentium autem ut tempora aut. Exercitationem debitis qui eveniet sunt ex. Quidem quasi architecto rerum ea placeat qui quo.', 5, '2018-07-03 04:40:01', '2018-07-03 04:40:01'),
(85, 39, 'Audra Abbott DVM', 'Et itaque optio minima odit voluptatem. Doloremque et optio in sed autem ipsum. Molestiae mollitia quis explicabo eum ut. Ut provident omnis qui aut est.', 5, '2018-07-03 04:40:01', '2018-07-03 04:40:01'),
(86, 10, 'Mr. Collin Murphy PhD', 'Provident aut eligendi consectetur temporibus ipsa recusandae dolor. Adipisci voluptatum nulla facere mollitia ducimus. Quaerat maxime illum rerum ut in ex corporis est. Non accusamus sed soluta error quas illum.', 1, '2018-07-03 04:40:01', '2018-07-03 04:40:01'),
(87, 27, 'Prof. Ewald McGlynn', 'Qui illo fugit alias sed maiores inventore. Quis et officiis voluptas quidem officiis reprehenderit omnis eligendi. Id doloribus ratione ea.', 5, '2018-07-03 04:40:01', '2018-07-03 04:40:01'),
(88, 42, 'Junior Dach', 'Quaerat tenetur itaque et at. Ipsa libero assumenda maiores doloremque. Cupiditate expedita dolores qui atque aut ut iusto.', 0, '2018-07-03 04:40:01', '2018-07-03 04:40:01'),
(89, 9, 'Prof. Meggie Considine', 'Incidunt enim harum sunt est voluptatibus. Distinctio voluptates non id ullam. Amet ea odit voluptas tempore. Natus ducimus pariatur corporis magnam ut ratione sunt molestiae.', 2, '2018-07-03 04:40:01', '2018-07-03 04:40:01'),
(90, 26, 'Mr. Patrick Gaylord V', 'Et reiciendis sit voluptas alias et velit. Numquam eum natus repellendus voluptas modi id. Repudiandae omnis sint odit consectetur voluptatem.', 1, '2018-07-03 04:40:02', '2018-07-03 04:40:02'),
(91, 22, 'Prof. Hope Jerde Jr.', 'Inventore ea animi sint cupiditate inventore. Minima non blanditiis velit est. Qui praesentium nihil fugit. Perferendis quo voluptatem praesentium repellat.', 1, '2018-07-03 04:40:02', '2018-07-03 04:40:02'),
(92, 20, 'Trenton Ledner', 'Totam eos qui eos qui rerum minima. Sint reiciendis quia consequatur eum totam dolor sed nihil. Debitis impedit nemo dolores doloribus aut sint.', 0, '2018-07-03 04:40:02', '2018-07-03 04:40:02'),
(93, 47, 'Antonietta D''Amore', 'Vero quisquam veniam voluptas est. Molestiae accusamus dolores non non. Et ducimus et rem labore. Labore autem voluptatem ut mollitia.', 3, '2018-07-03 04:40:02', '2018-07-03 04:40:02'),
(94, 23, 'Mr. Deon Schmeler', 'Et minus ut nam assumenda necessitatibus. Et aliquid soluta quaerat sit in aspernatur rerum. Sit laboriosam dignissimos consectetur repudiandae beatae facere. Hic omnis nisi provident autem unde velit ducimus nihil.', 3, '2018-07-03 04:40:02', '2018-07-03 04:40:02'),
(95, 4, 'Dallin Bogisich', 'Commodi autem impedit soluta et id et velit. Culpa aut et expedita vel aut error quis. Culpa sapiente placeat blanditiis.', 0, '2018-07-03 04:40:02', '2018-07-03 04:40:02'),
(96, 6, 'Ms. Clara Langworth', 'Asperiores ipsam quo repellat sunt alias. Ullam et iste eveniet voluptatem qui. Quidem necessitatibus odio repudiandae qui quia sunt vel. Earum error quis consequatur culpa.', 3, '2018-07-03 04:40:02', '2018-07-03 04:40:02'),
(97, 45, 'Lindsey Ullrich PhD', 'Quam sapiente consequatur saepe nihil. Rerum cumque laudantium saepe. Dicta officia officia odit dicta expedita minima.', 0, '2018-07-03 04:40:02', '2018-07-03 04:40:02'),
(98, 41, 'Dr. Tyler Zboncak Sr.', 'Quasi et aut quia ea aspernatur est sed voluptas. Velit quia qui perspiciatis corrupti nostrum dolores. Laboriosam eius ratione a. Nostrum et esse blanditiis harum asperiores maxime.', 0, '2018-07-03 04:40:02', '2018-07-03 04:40:02'),
(99, 38, 'Miracle Haley', 'Ipsa minima et eum excepturi. Sit assumenda ex necessitatibus eveniet sit magnam voluptatem occaecati. Nulla tempore animi earum neque minima nisi.', 0, '2018-07-03 04:40:02', '2018-07-03 04:40:02'),
(100, 37, 'Caden Homenick', 'Provident autem est quia facilis eaque. Assumenda debitis ratione optio autem quia hic. Fugiat asperiores est cupiditate.', 5, '2018-07-03 04:40:02', '2018-07-03 04:40:02'),
(101, 17, 'Jayne Schoen', 'Beatae eos earum in optio. Sit eos id voluptatem nam. Error voluptas omnis modi ratione ut. Porro et repellendus ut ducimus voluptas sed.', 4, '2018-07-03 04:40:02', '2018-07-03 04:40:02'),
(102, 23, 'Mr. Doris Heaney', 'Voluptatem est error facere nobis. Ea commodi odit consequatur rerum omnis dolor quos. A odio est sequi sunt consequatur qui.', 3, '2018-07-03 04:40:02', '2018-07-03 04:40:02'),
(103, 25, 'Daisy Considine', 'Sunt est sunt qui vero quia accusamus qui. Numquam est facilis earum itaque. Et porro asperiores ut pariatur dolorum. Optio vero fuga quo est.', 2, '2018-07-03 04:40:02', '2018-07-03 04:40:02'),
(104, 17, 'Mr. Quinn Lubowitz III', 'Sed enim sit ut. Distinctio quis quasi occaecati sunt magnam eveniet ullam inventore. Magni sed sed veniam et facilis ipsam.', 4, '2018-07-03 04:40:02', '2018-07-03 04:40:02'),
(105, 14, 'Miss Caitlyn Hammes', 'Libero ipsam quia incidunt et eum quis blanditiis unde. Qui veniam facilis consequatur optio ipsam voluptatem. Fugit debitis corrupti voluptatem rerum sed. Ipsum et voluptatum exercitationem nihil.', 3, '2018-07-03 04:40:02', '2018-07-03 04:40:02'),
(106, 23, 'Rigoberto Gaylord', 'Provident quo cupiditate non reiciendis. Et id iure officiis. Cumque corporis aut eos omnis sapiente magni.', 2, '2018-07-03 04:40:02', '2018-07-03 04:40:02'),
(107, 45, 'Demond Trantow', 'Ipsam quidem provident tempore commodi quis. Aut eaque est numquam sit ad qui magni. Doloribus architecto eius aut nihil tempora eum quo. Facilis et sit quis.', 1, '2018-07-03 04:40:02', '2018-07-03 04:40:02'),
(108, 36, 'Hassie Hodkiewicz', 'Minus quidem animi ratione velit a perferendis quibusdam. Nulla non vel voluptatem numquam quo. Officia qui ea recusandae consectetur molestias autem. Provident et id laborum veritatis eum aut velit.', 2, '2018-07-03 04:40:02', '2018-07-03 04:40:02'),
(109, 48, 'Keira Ritchie', 'Excepturi voluptatem repellat est eaque voluptas culpa. Ut vel nostrum assumenda earum. Necessitatibus velit mollitia voluptate sit. Vitae est a dolor ea maxime.', 0, '2018-07-03 04:40:02', '2018-07-03 04:40:02'),
(110, 50, 'Abner Kris', 'Et facere perferendis quod. Quia dignissimos quos iusto doloremque iusto.', 5, '2018-07-03 04:40:02', '2018-07-03 04:40:02'),
(111, 27, 'Alford Keeling', 'Sint itaque ut doloribus totam error voluptas corrupti. Voluptates ut consequatur quo et. Architecto facere eveniet voluptas doloribus qui ab. Modi optio quia suscipit ducimus aut.', 5, '2018-07-03 04:40:02', '2018-07-03 04:40:02'),
(112, 21, 'Ashlee McLaughlin', 'Nulla provident expedita atque enim ut fugiat. Vel hic nihil sed.', 4, '2018-07-03 04:40:02', '2018-07-03 04:40:02'),
(113, 34, 'Dr. Tomas Mitchell', 'Aspernatur temporibus unde quia dolor. Qui quaerat odit aperiam nisi. Sit sunt aut et. Maiores et quia ab pariatur vel. Quis laudantium tempore dolor dolorum aut.', 5, '2018-07-03 04:40:03', '2018-07-03 04:40:03'),
(114, 33, 'Prof. Aidan Schaefer', 'Nulla magnam aut non maxime aut ut. Fugiat accusantium provident quas dicta. Aut libero laboriosam earum repellendus. Dicta eum temporibus et omnis ullam.', 2, '2018-07-03 04:40:03', '2018-07-03 04:40:03'),
(115, 8, 'Prof. Deonte Dicki', 'Doloribus explicabo aliquam dolores dolores. Voluptatem qui voluptatem rerum quam. Cupiditate quod recusandae repellendus quod aliquam. Ea necessitatibus excepturi illo commodi totam odit atque.', 4, '2018-07-03 04:40:03', '2018-07-03 04:40:03'),
(116, 30, 'Rebekah Zieme', 'Voluptates ut ea itaque at quia. Nulla aliquam dolorum ea veniam aperiam. Ipsam eum maiores illo numquam quae qui voluptas.', 1, '2018-07-03 04:40:03', '2018-07-03 04:40:03'),
(117, 39, 'Gilberto McLaughlin', 'Sunt laborum aut numquam sit aliquid. Consequuntur neque tempora voluptas porro et magnam in sed. Perspiciatis nobis quae voluptate voluptatibus quaerat ad.', 2, '2018-07-03 04:40:03', '2018-07-03 04:40:03'),
(118, 26, 'Morgan Hessel', 'Et aliquam qui ut maxime. Dignissimos eius accusamus sapiente facere. Atque voluptas qui qui ut quaerat voluptatem voluptas commodi.', 1, '2018-07-03 04:40:03', '2018-07-03 04:40:03'),
(119, 20, 'Sean Hoppe Jr.', 'Eveniet adipisci et quas nesciunt voluptas enim ratione. Dolore blanditiis ipsam et ipsa expedita consequatur. Dolor dolores quae doloremque quam fuga sed.', 4, '2018-07-03 04:40:03', '2018-07-03 04:40:03'),
(120, 31, 'Dereck Spinka', 'Molestiae voluptate pariatur exercitationem fugiat. Molestias et velit qui sed nobis totam. Rerum quia cum distinctio quo.', 1, '2018-07-03 04:40:03', '2018-07-03 04:40:03'),
(121, 3, 'Magdalen Batz DVM', 'Aut reprehenderit dolore enim rem aut fuga. Eveniet esse laborum expedita perferendis est est voluptatem. Rerum et est ipsum pariatur blanditiis quia.', 0, '2018-07-03 04:40:03', '2018-07-03 04:40:03'),
(122, 17, 'Mrs. Lauryn Ankunding', 'Itaque repellat sed aut ipsum autem. Voluptates rerum et sit eveniet deleniti et. Qui est ab facilis ut officiis.', 0, '2018-07-03 04:40:03', '2018-07-03 04:40:03'),
(123, 34, 'Miss Cassandra Ziemann', 'Eos id in aut facilis animi labore est. Recusandae asperiores et nihil earum atque. Cupiditate sint provident necessitatibus quis rem quia. Ipsum dolores voluptatibus assumenda rem. Dolorum cum soluta est iure et et corrupti.', 2, '2018-07-03 04:40:03', '2018-07-03 04:40:03'),
(124, 11, 'Jamarcus Homenick', 'Numquam et nihil laboriosam et qui saepe labore. Ratione distinctio reiciendis et aut. Sit temporibus et tempore autem delectus ut nisi aut.', 2, '2018-07-03 04:40:03', '2018-07-03 04:40:03'),
(125, 5, 'Whitney Gottlieb', 'Inventore saepe impedit soluta incidunt rerum voluptatibus nostrum assumenda. Non labore nostrum repudiandae. Non ducimus occaecati dignissimos est unde eius asperiores. Eum totam aspernatur itaque maiores tempore aut sit dolores.', 0, '2018-07-03 04:40:03', '2018-07-03 04:40:03'),
(126, 24, 'Gilda Dickens', 'Praesentium pariatur aliquam commodi consectetur reprehenderit dignissimos voluptates. Est commodi tenetur labore quos doloribus cum. Quia eaque itaque quia suscipit quis odit quos. Eos inventore est alias expedita illum.', 0, '2018-07-03 04:40:03', '2018-07-03 04:40:03'),
(127, 45, 'Columbus Howell', 'Quis aperiam tempora consectetur autem dolor voluptate reiciendis. Consequatur ratione aut quisquam qui neque. Quis necessitatibus ut in ea rerum sequi. Officiis laboriosam molestias et est.', 5, '2018-07-03 04:40:03', '2018-07-03 04:40:03'),
(128, 49, 'Prof. Nickolas Vandervort', 'Deleniti molestiae numquam reiciendis mollitia velit. Impedit itaque impedit reprehenderit consequatur et mollitia. Atque voluptatem modi aperiam est qui.', 4, '2018-07-03 04:40:03', '2018-07-03 04:40:03'),
(129, 25, 'Bridie Ankunding Sr.', 'Rerum alias sapiente et aut blanditiis recusandae. Quia est libero eos veritatis quia corrupti ut. Voluptatibus voluptate qui quis nisi earum.', 1, '2018-07-03 04:40:03', '2018-07-03 04:40:03'),
(130, 28, 'Jacinto Robel', 'Consectetur omnis natus vel omnis ipsum est qui ut. Nemo ut voluptate voluptatem sed perferendis esse magnam. Et dolores dolores ut perferendis quia et.', 1, '2018-07-03 04:40:03', '2018-07-03 04:40:03'),
(131, 7, 'Alysa Stroman', 'Ut reiciendis sed doloremque nobis. Voluptas vel nihil velit cum animi. Minima ut accusamus id asperiores quod doloribus.', 3, '2018-07-03 04:40:03', '2018-07-03 04:40:03'),
(132, 33, 'Mr. Colt Koepp', 'Officia expedita voluptatibus placeat occaecati. Omnis aut quos necessitatibus libero blanditiis est. Doloremque voluptates non deserunt culpa corporis blanditiis harum.', 3, '2018-07-03 04:40:03', '2018-07-03 04:40:03'),
(133, 36, 'Mr. Brad Rippin I', 'Quae cumque et perspiciatis alias in. Beatae enim aliquam recusandae optio sit labore. Atque minima quos beatae officia et quam voluptatem.', 1, '2018-07-03 04:40:03', '2018-07-03 04:40:03'),
(134, 24, 'Prof. Abbey Stracke III', 'At incidunt praesentium alias alias non maiores non. Ut qui unde nam et quo non esse vel. Eos vel dolores in nihil vel omnis magnam reiciendis. Ipsa laboriosam et voluptatum temporibus commodi eum.', 0, '2018-07-03 04:40:03', '2018-07-03 04:40:03'),
(135, 4, 'Amie Doyle', 'Doloremque quo commodi dolorum aut aut. Adipisci nemo fuga nobis quas dignissimos dolores molestias.', 3, '2018-07-03 04:40:03', '2018-07-03 04:40:03'),
(136, 22, 'Michele Lebsack', 'Autem aut non reiciendis perspiciatis quo aut numquam laudantium. Et sapiente quae modi sed veritatis. Tenetur quaerat corporis harum est eos.', 4, '2018-07-03 04:40:03', '2018-07-03 04:40:03'),
(137, 36, 'Santos Crona', 'Accusamus quibusdam id magni autem sit. Quis quis repellendus modi aut eum in. Veritatis recusandae ad natus ut nam dolor.', 0, '2018-07-03 04:40:03', '2018-07-03 04:40:03'),
(138, 10, 'Dulce Russel', 'In consectetur reiciendis impedit necessitatibus fugiat praesentium earum. Dolorum tempore labore aut suscipit quo dolorem. Aperiam nam laudantium odio sed consequatur.', 0, '2018-07-03 04:40:04', '2018-07-03 04:40:04'),
(139, 10, 'Prof. Ernestine Rowe III', 'Dolor hic qui rem quod voluptas sequi eaque ut. Rerum perferendis aut recusandae non voluptatibus placeat qui. Quisquam non qui voluptatem sit voluptatem.', 4, '2018-07-03 04:40:04', '2018-07-03 04:40:04'),
(140, 2, 'Dr. Clark Stoltenberg', 'Dolores vel aut voluptas omnis voluptas. Excepturi quos fuga neque expedita repudiandae aut veritatis aspernatur. Commodi nulla iusto odit ratione et. Non eum eaque sunt dolor sequi possimus.', 1, '2018-07-03 04:40:04', '2018-07-03 04:40:04'),
(141, 25, 'Mariam Boyle', 'Enim eaque minima expedita dolorem veritatis. Rerum aspernatur accusamus sed dignissimos optio et. Aut repellendus et rerum omnis iure consequatur numquam. Rerum dolorem quaerat quae.', 3, '2018-07-03 04:40:04', '2018-07-03 04:40:04'),
(142, 41, 'Emmet Hammes', 'Iure optio et expedita beatae sed. Laudantium sit voluptas sint aliquid est. Omnis ut est nihil ad dolores.', 0, '2018-07-03 04:40:04', '2018-07-03 04:40:04'),
(143, 39, 'Pat Larkin', 'Dignissimos consequatur nulla non. Eos at dolor non est eligendi consectetur quas. Placeat eaque officiis eveniet quos sit deleniti.', 4, '2018-07-03 04:40:04', '2018-07-03 04:40:04'),
(144, 21, 'Monica Cartwright', 'Aliquid laborum delectus cum exercitationem vero veritatis. Qui veniam praesentium voluptatem suscipit. Aut aut consequuntur officia.', 4, '2018-07-03 04:40:04', '2018-07-03 04:40:04'),
(145, 4, 'Napoleon Collins', 'Quia magni commodi eos fugit pariatur nisi. Eum placeat ab iure assumenda. Vero placeat vitae rerum error aut alias voluptas. Temporibus est iusto autem repudiandae rerum temporibus nihil.', 1, '2018-07-03 04:40:04', '2018-07-03 04:40:04'),
(146, 48, 'Prof. Jaida Kerluke Jr.', 'Vitae similique labore distinctio natus numquam velit. Atque non earum ut aut molestias consequatur minus. At nemo dignissimos qui iure in enim id.', 2, '2018-07-03 04:40:04', '2018-07-03 04:40:04'),
(147, 47, 'Rebekah Miller', 'Aliquam tempora consequatur sunt a aliquid error dolores. Qui dolores inventore aliquid explicabo. Quia est debitis doloremque. Aspernatur porro id incidunt quia.', 3, '2018-07-03 04:40:04', '2018-07-03 04:40:04'),
(148, 10, 'Mrs. Priscilla Purdy Jr.', 'Nobis nostrum architecto rerum ut provident id ipsum. Ipsa dolores ex nihil officia quis esse. Culpa est et voluptate. Sed sequi mollitia facere atque est modi quo.', 1, '2018-07-03 04:40:04', '2018-07-03 04:40:04'),
(149, 30, 'Dr. Macy Beatty', 'Rerum dignissimos optio sed voluptas. Suscipit aut perferendis fugiat et eius asperiores. Qui facilis placeat beatae molestiae hic.', 2, '2018-07-03 04:40:04', '2018-07-03 04:40:04'),
(150, 19, 'Miss Loren Schmidt PhD', 'Vel et deleniti aut nostrum et. Autem aut excepturi culpa repellat. Eaque omnis numquam est praesentium officiis praesentium in. Dolorem quod minus a sequi inventore est. Ex dolorum unde et.', 0, '2018-07-03 04:40:04', '2018-07-03 04:40:04');

-- --------------------------------------------------------

--
-- Table structure for table `users`
--

CREATE TABLE IF NOT EXISTS `users` (
  `id` int(10) unsigned NOT NULL,
  `name` varchar(255) COLLATE utf8mb4_unicode_ci NOT NULL,
  `email` varchar(255) COLLATE utf8mb4_unicode_ci NOT NULL,
  `password` varchar(255) COLLATE utf8mb4_unicode_ci NOT NULL,
  `remember_token` varchar(100) COLLATE utf8mb4_unicode_ci DEFAULT NULL,
  `created_at` timestamp NULL DEFAULT NULL,
  `updated_at` timestamp NULL DEFAULT NULL
) ENGINE=InnoDB DEFAULT CHARSET=utf8mb4 COLLATE=utf8mb4_unicode_ci;

--
-- Indexes for dumped tables
--

--
-- Indexes for table `migrations`
--
ALTER TABLE `migrations`
  ADD PRIMARY KEY (`id`);

--
-- Indexes for table `password_resets`
--
ALTER TABLE `password_resets`
  ADD KEY `password_resets_email_index` (`email`);

--
-- Indexes for table `products`
--
ALTER TABLE `products`
  ADD PRIMARY KEY (`id`);

--
-- Indexes for table `reviews`
--
ALTER TABLE `reviews`
  ADD PRIMARY KEY (`id`),
  ADD KEY `reviews_product_id_index` (`product_id`);

--
-- Indexes for table `users`
--
ALTER TABLE `users`
  ADD PRIMARY KEY (`id`),
  ADD UNIQUE KEY `users_email_unique` (`email`);

--
-- AUTO_INCREMENT for dumped tables
--

--
-- AUTO_INCREMENT for table `migrations`
--
ALTER TABLE `migrations`
  MODIFY `id` int(10) unsigned NOT NULL AUTO_INCREMENT,AUTO_INCREMENT=5;
--
-- AUTO_INCREMENT for table `products`
--
ALTER TABLE `products`
  MODIFY `id` int(10) unsigned NOT NULL AUTO_INCREMENT,AUTO_INCREMENT=51;
--
-- AUTO_INCREMENT for table `reviews`
--
ALTER TABLE `reviews`
  MODIFY `id` int(10) unsigned NOT NULL AUTO_INCREMENT,AUTO_INCREMENT=151;
--
-- AUTO_INCREMENT for table `users`
--
ALTER TABLE `users`
  MODIFY `id` int(10) unsigned NOT NULL AUTO_INCREMENT;
--
-- Constraints for dumped tables
--

--
-- Constraints for table `reviews`
--
ALTER TABLE `reviews`
  ADD CONSTRAINT `reviews_product_id_foreign` FOREIGN KEY (`product_id`) REFERENCES `products` (`id`) ON DELETE CASCADE;

/*!40101 SET CHARACTER_SET_CLIENT=@OLD_CHARACTER_SET_CLIENT */;
/*!40101 SET CHARACTER_SET_RESULTS=@OLD_CHARACTER_SET_RESULTS */;
/*!40101 SET COLLATION_CONNECTION=@OLD_COLLATION_CONNECTION */;
